col1,col2
bigger,liver
then,lens
funding,axis
skills,acts
width,limitations
initiatives,remedies
booking,headed
yang,portfolio
constitutional,maiden
gambling,presence
kissing,adverse
miller,roads
connectivity,losses
constant,names
cities,nikon
penetration,disable
drop,cooking
highways,peak
thousand,championship
action,input
remain,illustrations
audi,ellen
journalists,mass
assets,rescue
entertaining,fisheries
macintosh,encourage
maldives,listening
hence,huge
artificial,resistance
opinions,used
alaska,warriors
denial,largely
accessing,bahrain
past,tribune
determine,caroline
pk,loading
possibility,convergence
ivory,ia
search,grass
know,bitch
poem,make
woods,cook
bbw,somebody
cheat,orgy
schools,justin
elderly,bits
asian,bikini
tickets,nam
herald,readily
folding,naturally
earn,costs
drainage,ts
slightly,pushing
recorded,types
german,cant
accompanying,standings
retained,charming
command,joined
modifications,largest
symposium,acquire
winston,developers
relying,mountains
hours,richards
categories,therefore
beliefs,jerry
threesome,antique
clone,builders
rica,file
module,working
admissions,token
involved,testament
fair,little
call,specified
kinase,cord
penn,universal
viewpicture,listing
char,happening
advert,vista
lingerie,penalties
attract,employer
deutsche,biography
frames,modify
handed,called
twelve,rated
respond,brandon
telecom,skip
gmt,guess
ralph,legal
invitations,external
twin,dispatched
ph,monday
schedules,spyware
accessibility,prepare
arg,turns
avi,remained
paper,appearance
twelve,combat
advertisements,charge
qualification,gamecube
perfectly,thumbnails
search,coupled
modems,touched
guest,ebook
kept,helen
downloading,eric
restaurant,basename
nd,pdt
finland,mar
piano,molecular
combination,grown
mardi,cj
niger,mr
arrest,asset
cottages,supports
depends,sitemap
cambridge,decided
glen,situated
yahoo,finished
plymouth,cd
instructional,incidence
const,disclose
knives,languages
contracts,scope
trained,valuation
increases,statute
amenities,hence
sync,palestine
ethiopia,tunisia
efficient,extraction
provisions,sequences
france,throws
worship,explain
sensitivity,arab
there,nat
chan,consent
property,lease
mpeg,mesh
jimmy,animal
mae,westminster
webcam,towns
convinced,cheers
aqua,bee
thousand,requiring
grip,graphics
shorter,studying
promoted,anime
obtain,qatar
tattoo,patch
taiwan,accreditation
inch,travel
dominant,logo
almost,decades
numerous,sitting
camel,automation
millions,reflected
l,designed
arnold,strict
deficit,trio
stress,guru
machines,club
connecticut,gen
voip,architecture
wagon,match
signal,mature
standing,factory
occurring,bloom
occasionally,municipal
blind,corrections
realtors,launches
enforcement,offer
matt,calcium
tramadol,aluminium
arms,pf
eco,throughout
kills,sees
eat,mandate
differences,coin
displays,challenge
measures,pool
schools,done
file,alberta
advocate,slim
daughter,suffered
nn,integration
laptops,posts
actively,functional
rebecca,cooperative
districts,significantly
phd,shakespeare
advertising,proposal
frequently,pipe
brunei,las
madonna,celtic
speaker,beef
evaluated,il
tier,prizes
voluntary,concerning
gui,separate
sit,centre
truly,mechanical
conflicts,richmond
partial,cam
groups,delivers
handmade,tour
develops,iceland
cancel,homepage
filtering,soldiers
liver,most
differ,monday
hurricane,mechanical
monthly,weight
spas,pubmed
economies,raising
lindsay,reducing
vacation,unions
changelog,context
saints,system
stadium,hart
closely,woods
hung,corps
filtering,talented
secretary,scoring
animal,spam
crisis,metallic
utilization,cemetery
logistics,boots
nicole,chi
farming,translation
once,origin
master,mitsubishi
nissan,principal
judges,keno
educated,leaves
,sterling
isolation,earnings
oct,ours
computed,substantially
him,worm
night,thing
creativity,character
empty,techniques
translations,sense
teddy,monitor
veteran,win
velocity,relief
rules,rescue
motel,massage
seal,nation
world,sub
diary,visa
dayton,extraordinary
cooper,flat
collected,bottle
reflected,boundary
euros,attraction
complaint,relation
incident,ins
sherman,poor
cute,approach
wizard,h
distributed,surgeon
forces,professor
ng,responsible
griffin,increase
gamma,report
dallas,wives
misc,interracial
serial,cardiff
plus,magnet
port,rise
station,enb
any,pi
whatever,kitchen
soc,somewhat
dennis,patients
fioricet,organizer
overview,expensive
ide,integrating
bench,silicon
canvas,bright
improvement,nutritional
developing,eligibility
nipples,warranties
cdt,mails
between,infinite
webcam,quilt
emirates,cab
sox,honey
automatic,cincinnati
ordering,occurring
js,back
sao,necklace
identifying,conjunction
asthma,neo
violation,constitutes
have,espn
pressing,customize
listed,transition
fg,vg
ham,figure
environmental,forgot
attraction,rear
coral,fingers
r,africa
org,robertson
name,portal
midwest,heating
composer,learners
taken,astronomy
ceiling,judges
images,translate
independent,intermediate
inflation,attempting
tablet,equivalent
elements,np
promised,infrared
locale,plenty
consultants,employers
talking,handhelds
professor,gamma
image,dts
clara,goat
rows,gulf
powerful,flash
weeks,connector
increased,tract
sleep,chick
looks,tv
deny,bandwidth
just,authority
rd,correlation
sd,rules
granted,vacations
application,determines
apart,corresponding
lets,detect
iso,money
tiny,a
across,nightlife
jazz,arising
ws,scholarships
service,said
bought,yale
gst,cream
symantec,los
challenges,script
proc,disciplines
unlike,rays
he,played
advancement,cathedral
becomes,forces
speaking,gold
dried,origin
wr,settlement
goals,hitting
cooking,occupation
cultural,matt
super,funded
seasonal,wheels
left,eric
breast,receptors
because,pilot
incorporate,muze
assumptions,joy
rooms,olympics
reported,sie
extend,kentucky
economics,rarely
merely,background
online,guidelines
remove,thou
preparation,ss
q,dollar
grill,hitachi
probability,fuzzy
download,britney
nationally,compare
communication,repeat
username,similarly
archive,employment
hint,mini
film,handjobs
ordinance,games
funk,examples
contributed,myth
container,menus
optional,clara
gathered,adopt
administrative,medicine
pp,desktop
project,women
himself,disabled
additional,describes
col,alpine
restaurant,norfolk
smith,incident
era,conference
tooth,talented
areas,abuse
sin,fare
example,soft
copy,statewide
move,az
welcome,sensitive
falling,cumulative
climate,chen
matrix,mission
headline,steering
laser,methods
tours,petersburg
ward,cotton
premier,wonder
muze,indication
meter,drinks
whilst,feel
tree,lips
actress,marion
integrity,lows
watershed,slim
accommodate,chairman
solving,multimedia
wesley,warm
robinson,sg
wires,tm
processors,syria
sunglasses,arbitrary
impressive,attachments
community,trademark
gone,austria
acres,hollywood
drew,ou
destiny,understand
straight,thanksgiving
continuous,hu
oxide,justice
beach,paso
unless,suck
library,complimentary
races,artistic
commodities,iowa
trained,implies
rewards,applications
represent,saw
economies,def
damage,arbitration
format,dominican
sized,sept
presents,wrote
honest,pepper
utilization,ins
prophet,which
also,view
administrator,findlaw
array,than
packets,okay
chronicles,unix
webmaster,hazardous
talented,reduce
ties,syntax
virus,gale
promotions,aaron
toronto,bridges
bufing,llc
fc,levitra
twins,intel
perry,chassis
discovered,quarters
combination,holes
console,accused
interest,caring
benefits,depot
curious,mba
hawaiian,bowling
proceedings,andale
winston,towns
samsung,ranking
dollars,automatically
justify,mine
promising,virtue
induction,dan
baker,highlight
incident,advantages
basket,kingdom
shorter,grad
solely,counter
version,abs
fighter,ba
climate,astronomy
edited,connect
cancel,xi
rendered,validity
late,gm
be,stockholm
prisoner,reggae
statewide,feels
mm,guestbook
appeal,ir
herself,mostly
planets,homes
following,something
prayer,vsnet
france,requiring
mirror,livesex
households,annex
columbus,beef
root,advised
young,genes
stationery,debate
strengths,youth
eyed,situated
alpha,blades
publication,transit
attempt,pdas
tickets,union
certain,licence
cutting,boating
acting,scratch
jimmy,modeling
specializing,utilize
rangers,says
critical,exec
silence,gmt
democracy,aid
relay,stainless
attended,high
victory,friendly
colon,fear
ui,category
opinion,barrel
arnold,cite
formed,section
harrison,significant
collapse,institutes
earliest,parliamentary
thats,webster
tissue,texture
prototype,quarters
nursing,patients
including,grill
aim,warrant
mu,moment
organisation,belarus
treo,handled
formal,able
champions,replace
seattle,registry
threat,appears
sometimes,los
arc,levels
quality,hopefully
fundamentals,keyword
origin,janet
evil,effect
rico,im
force,spreading
mae,driver
feet,thin
blue,remembered
theories,housewares
receptor,dancing
hence,villages
finding,drum
devil,rape
remind,tragedy
incentive,engineers
presented,cached
formation,zealand
transform,hrs
maximum,marijuana
amazoncom,searches
calculate,additions
dans,aud
permit,grace
relevance,lucas
mold,table
collaborative,designation
tracking,sig
separate,macromedia
taking,y
terrorist,alpha
strict,international
forget,mn
delight,revised
grocery,images
accomplished,pledge
rally,aud
assumption,ross
color,prize
implies,tour
barry,hugh
numeric,premium
opportunity,britney
lloyd,sample
allowance,hair
either,traditional
hardwood,bit
told,booth
kits,routing
hourly,aging
stating,prof
mixture,edgar
champagne,engineering
disability,bm
customs,acceptance
amanda,border
searching,courage
input,movement
rats,tmp
tour,amateur
birth,losing
lightweight,rl
indonesia,obituaries
phillips,nice
strategies,networks
championship,automobile
human,older
moses,guard
liable,piss
boston,your
analyze,screenshot
soul,referenced
enhance,install
fwd,brussels
oil,stanford
matt,numerous
descending,cayman
buildings,proved
street,cannon
signup,knock
sunrise,arm
multimedia,parliament
with,tires
specifics,annotation
intelligent,find
organised,slope
paintings,sbjct
organic,eliminate
relations,latinas
processes,partnerships
i,registration
instruments,luther
architect,legislation
ears,ada
memo,introduces
sponsors,practical
diseases,fires
steven,suit
est,enable
const,patrick
persons,utilization
looked,verify
contemporary,believed
ratios,increasingly
minimize,how
ce,florida
andrew,tri
treasures,irs
skating,pokemon
dl,greetings
gst,yes
yours,bright
poly,charging
indonesia,adidas
attendance,explanation
homeless,nm
peripherals,paper
counters,beastiality
assembled,melbourne
syndication,removable
childrens,expression
pairs,replied
township,brands
square,film
hang,car
based,revision
ie,rs
greenhouse,to
eos,jersey
character,specs
actor,only
satellite,shows
finances,shows
colony,anyway
complicated,spank
companion,known
huge,seas
rejected,covering
solely,
cry,n
random,sic
nationwide,its
vehicles,casting
divided,athletes
pressing,pointed
observe,antigua
find,expanding
rv,alumni
asian,cruise
advantage,sl
presidential,eco
believes,pop
valentine,aerospace
photograph,cialis
cottage,delivery
diamonds,deviation
ssl,items
scenic,election
assessing,plus
especially,parents
burden,circle
could,auburn
recreational,counseling
rna,compatible
environments,physical
greeting,invasion
scientist,recorder
neil,characteristics
seeds,meet
boys,cannon
midwest,savings
ugly,caught
operated,letter
massive,ingredients
administrator,faster
everywhere,equality
solar,median
capital,satisfy
coming,armenia
follow,processing
doctor,espn
postal,gas
nepal,harbour
pointing,have
iso,grams
lower,shareware
containers,valued
costa,county
common,fioricet
mj,cities
phil,sessions
knows,wolf
consultant,slide
exterior,lewis
dietary,collectible
security,chef
gt,pl
million,st
survivor,globe
smile,cornwall
taxi,personal
creek,demonstration
exhibition,ease
ad,islam
vista,forge
racks,cry
referred,fairy
barbados,ranging
cookie,why
certified,cumshot
rap,steve
volunteers,match
sperm,specials
function,ruling
sol,yahoo
worcester,presented
ot,pantyhose
retrieved,drug
ppc,essence
tuner,sept
whereas,norwegian
ah,pittsburgh
casino,chief
marked,grill
amp,drilling
injuries,michigan
layer,heights
orders,rich
receptor,focuses
rough,signals
mv,surf
biz,manual
twiki,hazardous
saved,separation
carried,hungry
palestinian,morocco
sit,accountability
females,rental
repeated,cole
drain,replica
poetry,voyeur
treat,studying
butter,bangladesh
threat,religion
jason,vanilla
lt,garcia
emacs,exhibitions
trailers,pipes
projector,clubs
expansion,ram
develops,title
withdrawal,warnings
elegant,fw
mpegs,flux
fy,finder
yukon,interpreted
bag,oregon
encyclopedia,staff
nathan,tonight
required,ny
filled,codes
retailers,specification
vcr,reform
empirical,urban
packard,mint
sellers,marathon
deleted,apnic
admitted,latino
slovakia,bacon
treasury,construction
doctors,liz
students,computational
arms,examine
canal,bacteria
soil,nu
thereby,isolation
unit,dv
minneapolis,causes
thereafter,symposium
nr,treasure
subsection,feel
worldcat,popular
advance,feet
bloody,trainers
park,ntsc
beverages,collections
mexico,portraits
celebs,given
researchers,rules
curve,going
balls,championship
cheque,ye
costa,ms
encourages,crystal
princeton,francis
configuration,tumor
reproduction,ingredients
tb,blocking
tariff,legendary
retrieve,dying
humans,mil
compete,rc
flag,reserved
featuring,killer
kansas,planning
corners,search
finishing,refugees
exclusion,gp
rides,violations
distributors,diff
advisory,sister
worm,hwy
airplane,experiencing
chinese,toolbar
joshua,makes
jeremy,iraq
speech,arnold
budgets,holding
affect,washington
happened,bargain
sword,seating
coast,fl
gothic,advertising
cognitive,winds
mississippi,nov
tracker,introduction
houston,voluntary
pre,nick
oe,armenia
mia,w
jail,newton
handle,hist
once,motherboard
bottom,kit
immediately,purple
fundamentals,neighborhood
newscom,change
archive,reviewing
ranks,agenda
snow,ashley
harmful,warned
humans,wrong
nations,ratios
polar,award
initiatives,stupid
picking,beverages
maple,epic
thai,sophisticated
jpg,threatening
legislative,systems
sports,antonio
entrepreneurs,aa
method,packing
laugh,feels
demand,dt
slowly,buyer
str,brush
incomplete,seas
companies,announced
ours,copy
sufficient,endorsement
firms,paxil
wb,paris
relation,run
ryan,encourages
providing,competitors
raleigh,filme
trip,reveals
suck,impossible
fast,effects
aggregate,surfaces
researchers,finals
ru,expertise
november,sig
courses,cardiac
occasions,arguments
interval,careers
employees,transit
personally,separately
males,distant
bargains,dui
li,dana
pissing,ticket
baseline,seating
stood,opposition
alive,sacrifice
travelers,max
thumbnails,handbook
sluts,lid
clarke,virgin
slovakia,engine
investigators,supreme
courage,diving
ericsson,zope
staffing,sends
mandate,upc
ds,opponents
um,reasonably
blacks,fail
skill,kilometers
classifieds,prayers
singing,married
thinkpad,departments
silicon,back
stanley,stay
solaris,insights
beach,heather
park,lion
zones,stuart
believes,station
toe,reported
freely,pamela
county,dirt
vocational,offense
testimonials,marking
special,ll
roland,di
mg,violations
sans,ontario
lands,chi
unto,nipples
connect,preston
tested,assistant
innocent,amino
conference,rare
glossary,priest
batteries,coordinates
coal,inc
begun,task
scott,unknown
details,perceived
monte,anticipated
medal,concepts
prints,mp
burner,holdings
isp,forever
throwing,must
front,testimonials
relax,king
cab,modem
texas,run
sv,specialists
treaty,millions
parish,varying
anywhere,treatments
temperatures,blowjob
altered,networking
sectors,discussed
contains,passes
thomas,scanned
bufing,fuck
radiation,accepting
gates,conjunction
geo,charms
described,im
addiction,campus
request,republic
passes,parker
decorating,raising
comprehensive,tags
strategies,algeria
beverages,feat
constantly,want
gel,don
military,commonwealth
uc,civil
mods,controlled
votes,quite
ng,author
sq,motels
yen,accepting
garage,thinkpad
positive,dishes
remedies,using
robinson,salem
secrets,suggested
pose,far
invisible,driving
mirrors,thoughts
clear,moving
murphy,convertible
scientist,creative
flavor,definitely
brussels,knee
textbooks,approaches
scales,editorials
attendance,activists
senate,hour
nfl,accepts
gardening,modified
routing,howard
roller,facility
alberta,timeline
calcium,russia
reforms,extraordinary
graphics,deaths
lolita,short
car,betting
thumbnail,engineers
allowance,august
doctrine,byte
genre,beneath
martin,casinos
routers,mauritius
keeping,awards
albuquerque,vagina
ignored,attraction
talks,bible
joining,communications
organised,usd
greg,folders
quarterly,display
breed,pavilion
brothers,resistance
shoppercom,buried
poem,surely
doubt,concord
nightlife,population
lawsuit,matter
reveals,swimming
sandy,turns
relaxation,stable
shock,rv
valuable,moves
motel,emphasis
british,endorsement
gratuit,accurately
true,point
greeting,prior
burke,comments
discretion,match
income,thomson
indonesian,ni
statewide,describes
limited,sing
particularly,goals
yeah,sharing
implementation,statement
cu,clip
corruption,optics
as,conceptual
content,police
perry,whom
sentence,windows
characterization,jj
gratis,kennedy
edition,bull
gregory,sole
rail,neither
kijiji,pills
teens,directive
have,surgical
methods,dx
lycos,bronze
taking,tigers
motherboard,scholar
supplement,waters
stripes,ri
proposal,filme
powerseller,sense
jay,grenada
casio,dsl
coat,fellowship
unified,holiday
freeware,loved
fs,politics
digit,last
springfield,founded
contractors,flooring
states,printers
ant,activity
partition,psi
tones,baby
resistant,security
measures,malawi
swimming,regulated
emacs,surrounding
additions,wed
measures,unknown
gathered,brand
congo,warehouse
sally,folks
food,epic
gangbang,transmitted
yearly,yrs
sh,ru
aaron,surfaces
hughes,rolling
territory,clinics
defensive,participation
waves,life
harmony,vip
bags,ideal
frontier,adobe
supporters,consecutive
relief,producing
officer,brandon
combo,flexibility
debian,former
powered,pam
former,anna
merge,specific
preserve,leu
ellis,ingredients
libraries,looking
suburban,achievement
younger,prison
anonymous,doe
nice,seller
constant,unknown
blowing,mounts
thy,shadows
fossil,mali
michel,proportion
income,em
broadcasting,maui
economy,del
disco,schema
appointed,updated
gifts,programming
door,evidence
phpbb,street
commented,portuguese
formal,engaged
calculator,participated
perceived,party
bestsellers,flashers
profit,sheffield
fit,jo
constant,grass
donna,thunder
logic,madagascar
sticky,blacks
book,rca
grounds,construct
thumbnail,hearts
lift,failure
knows,donna
simulation,wireless
noise,organized
steve,ef
regulated,canadian
mode,hiking
crown,career
shoppers,allen
bios,rivers
calif,selected
hk,or
collect,elvis
chip,grey
implies,christopher
sms,initiative
palace,cp
tt,uri
shelf,nurse
expanding,sixth
shot,understand
salvador,palmer
fallen,sales
bean,dover
albuquerque,heard
blair,immunology
tmp,sword
postage,freelance
integrity,surely
hood,substantially
appearing,nu
holly,governmental
extension,rats
helping,bronze
convenience,sticks
appeals,knowledge
impressed,clinics
promote,flexible
holdings,electric
rivers,livecam
extreme,sarah
scheduling,nipple
repeat,graphic
moderator,then
properties,mv
groundwater,fame
softball,mf
up,words
dispute,coming
queensland,wallet
roger,ww
eddie,municipality
atomic,trade
southampton,appearance
depend,congressional
requesting,intelligent
forbidden,physician
ensure,oakland
christians,vs
fetish,rca
descriptions,conviction
syndication,marine
implied,born
scsi,notifications
habitat,destination
alive,enzyme
went,ethiopia
conferencing,specially
paul,ad
breasts,glenn
homeless,elderly
forced,ranked
plan,doe
misc,loved
conditional,cod
communicate,madonna
races,coach
constitutional,carroll
pubmed,tickets
milk,record
hierarchy,council
orgy,warm
assume,restaurant
marks,declare
achieve,donations
needed,chuck
evaluations,therapy
stay,divided
discuss,races
pursuant,caused
replied,mandate
impressive,museum
religion,shirts
liabilities,northwest
expanding,quotes
mf,curtis
ip,paid
precipitation,mechanisms
italiano,penn
fairy,rj
jon,foods
professional,somalia
southampton,cry
yr,substance
suited,cinema
evaluate,digest
reel,camcorders
skills,gc
virtual,owned
when,march
pregnant,sustained
sole,whom
antonio,residential
const,thailand
transsexual,campbell
gtk,findarticles
kingdom,porn
paint,fisheries
dimension,np
obligations,expressed
impaired,bulgarian
assured,dispatched
merger,bee
egypt,compatibility
pending,perfect
grade,determining
leader,trained
motor,sitting
stations,quite
dover,neighbors
lamps,parties
telescope,sacrifice
harry,cd
mining,updates
grass,childhood
skating,nat
crawford,aviation
hold,site
cemetery,nd
redhead,quick
anymore,porn
slowly,physics
ears,decline
opinions,women
ty,tape
jewish,hitachi
enjoy,config
autos,recommendations
circles,illustrated
gonna,hell
pr,tip
knight,winning
render,camel
export,accuracy
irrigation,wood
mario,memorial
al,installed
tony,trio
li,card
ted,prominent
scored,cw
laugh,historical
lip,marriage
gasoline,mechanism
knew,spending
great,cos
turkish,migration
writer,mods
decorative,follows
sigma,buffalo
sets,ruled
monitored,dame
hazards,rd
statistics,sellers
lounge,nr
observer,rows
fit,way
coin,pig
thongs,two
tourist,lewis
bmw,cds
lovers,antibodies
also,actor
interior,oc
identification,experiment
farm,stick
leaf,sacramento
bridge,experiment
gif,surgical
participation,available
rising,kids
discs,scenes
basis,appraisal
swim,standard
singles,founder
convergence,phrase
kitty,peripheral
faculty,signature
discrimination,deserve
knowledge,examples
enabling,solving
air,expiration
ntsc,morrison
hon,non
mud,genealogy
projector,api
beverly,oscar
genetic,populations
satisfactory,no
transferred,inspired
urge,buck
asp,constitute
marriage,receive
transexuales,books
attacked,ethical
ep,sage
entitled,assessing
updating,clear
couples,option
kansas,andy
horizon,gg
worst,labels
tracy,starter
upgrading,merger
fired,chubby
ml,machines
logos,mini
shannon,across
delicious,stored
degree,occurred
range,impaired
organized,intake
optimize,naturally
proxy,preserve
models,tcp
broad,vendor
missile,junk
signing,strap
georgia,mazda
accent,broke
cancelled,screenshots
arts,packaging
dem,syria
showing,hosting
ancient,is
pantyhose,constraint
replace,spokesman
availability,mhz
copyright,game
salon,continuous
cost,spoken
mailing,shows
construct,softball
completed,ill
regulated,fortune
proof,cole
sunrise,repair
translate,albany
penn,yorkshire
movers,formula
header,page
italian,reynolds
tennis,hazards
bolt,behalf
statutes,bowling
breasts,hostels
happy,masters
busty,resulted
temporary,richards
luggage,culture
wagon,oil
tc,immigrants
truth,reporting
guinea,pe
almost,bargain
money,hugo
status,recruitment
burke,zip
settled,summary
spatial,counties
july,advantages
disagree,pocket
ct,cd
vi,blocks
interactive,fool
locale,dock
neighbor,passage
grill,action
prefix,circles
turning,si
multi,michelle
essays,terrorism
identifier,chapter
tits,modern
joint,required
oxford,mounted
prison,russian
saturn,granted
undefined,headset
shadow,welcome
zum,infant
collar,pac
exist,commands
hood,phenomenon
tit,branches
crude,male
technician,consoles
tamil,readers
engage,nipples
trails,florida
fires,vote
fair,asia
maximum,fy
ph,bracelets
lesser,night
ce,republicans
concerned,additions
ranging,catalogue
instant,blind
territory,rivers
hwy,paperback
court,spatial
savannah,brighton
cms,nec
incorrect,hired
guests,vibrator
functional,collect
orchestra,dosage
warming,league
metres,cl
reject,brilliant
criminal,implied
er,dicks
peers,nevertheless
affordable,left
row,sold
mechanism,cleared
tactics,baker
tea,emotional
operator,aimed
gentleman,fetish
everything,intend
enormous,deadline
struct,bestiality
costa,auditor
sudden,obtaining
department,none
threads,milwaukee
nipple,tumor
turkey,wu
angola,cingular
conducted,bottom
assembly,uncle
commentary,protein
gamma,airfare
assumption,ships
immediately,bright
albert,stylus
record,portugal
physical,sheep
slovakia,pamela
anderson,automatically
ours,clocks
physician,racial
bacterial,architects
buy,jj
username,transexual
elements,machine
lightweight,functioning
assets,appointed
affiliate,superior
ceiling,thoroughly
never,exclusively
addresses,weights
charity,freight
movie,exams
breeds,lesbians
differences,pharmacies
relatively,demanding
font,collar
every,costa
framing,yamaha
phil,richards
sie,remember
subsidiary,affiliate
cold,meetings
workshop,width
console,famous
blocked,wise
jr,reliability
arts,pull
sep,ongoing
glow,calm
judy,martial
profiles,designed
affordable,tennessee
saturday,terrorist
care,ridge
silicon,enough
locking,boundaries
zero,attack
livesex,may
capital,clara
expenditure,necklace
honors,beth
gdp,guns
anywhere,improving
folk,affects
scanning,amy
disco,confident
except,presentations
maui,deal
egypt,species
human,photographers
financing,forms
occur,rentcom
gold,resort
thanksgiving,timber
surfing,failure
tank,harper
battle,keyboards
rentcom,au
god,graphical
nor,firm
rear,treaty
remedies,informative
potter,document
dot,knows
importantly,parties
album,wells
flashers,referred
texts,rebound
lip,ottawa
olympics,precious
prague,shipping
listed,bridge
played,combined
affiliates,bears
depot,expect
thumb,tone
impose,percent
checks,expressed
acknowledge,getting
knee,sensitive
jobs,mixer
pound,withdrawal
exterior,tamil
outer,race
cod,surfaces
trauma,mode
consists,obtain
orlando,exposure
undertaken,samsung
norfolk,idol
streaming,jazz
aboriginal,separated
thong,focused
column,machine
ton,meet
ourselves,clinic
guy,families
metropolitan,const
having,harris
adjustments,nuke
harris,entering
churches,substance
africa,gt
trust,just
seem,february
condo,subsection
swap,cabinets
placement,threatening
moscow,capacity
sacrifice,scratch
lies,forgotten
specialist,validity
commentary,disciplinary
railway,shapes
fbi,fuzzy
back,neck
happened,collaboration
few,personal
stable,soviet
men,intended
ratings,research
kingston,luxury
skirt,displayed
consoles,index
super,georgia
immigration,volkswagen
viewed,valley
instructions,dir
div,em
officers,read
fotos,f
victorian,birmingham
growing,packed
robust,php
scope,mostly
register,debut
dress,inputs
fame,hill
slideshow,yahoo
shoppingcom,fundamental
templates,permits
willing,squirt
appliance,racial
arrive,wells
lisa,guard
of,mali
seem,keeps
thu,immune
amended,plans
occurrence,columnists
effectively,tions
knights,fitness
how,atlanta
carpet,estimates
diving,russell
indianapolis,village
shift,lambda
determination,syndication
grammar,enhancing
folks,alice
locate,velvet
array,samuel
katrina,vid
reader,thumbnails
junior,z
periodic,gun
medication,francis
shades,divided
alerts,estimates
grades,spin
grade,behind
historical,alone
coat,berry
hotels,living
macro,reasoning
mel,viewer
cut,profiles
levels,moderator
mails,bradley
forth,joshua
cigarettes,bottles
biology,judy
cake,retreat
athletics,musicians
capable,breaking
top,changing
brochure,combining
hb,earliest
funded,hence
assumption,photographers
living,goal
treasure,affordable
syntax,remark
fairy,peter
flash,painful
journal,linda
helps,moss
islamic,road
twisted,doubt
permission,decimal
beijing,came
insider,based
applicants,auckland
chairman,different
notebook,trailers
detection,absent
m,pendant
knows,glance
dates,val
able,ascii
nfl,allen
ment,keno
trailer,hear
relying,equal
company,super
lucky,regulation
accredited,sunday
term,owns
href,hampshire
vsnet,beatles
comm,right
connection,globe
numerical,rise
vitamin,bermuda
bonus,thereof
restore,inappropriate
webmaster,welding
precisely,lancaster
ease,dimensional
rarely,proper
avoiding,munich
romania,enjoy
vs,medline
turning,pix
interviews,knights
prevention,reproductive
lewis,score
okay,stripes
courts,guarantee
selection,spending
sticks,budapest
cambridge,reducing
trace,travis
euros,god
product,unusual
camel,zero
moscow,organizational
says,voting
ta,prospect
defects,spent
pepper,small
hit,ease
conflicts,buys
vat,trade
hitting,magnet
standings,mp
schedule,victim
solved,recorded
gallery,sherman
sci,junction
supplied,oaks
parameter,manually
charming,everyone
missouri,adams
panel,compaq
acc,successfully
minolta,enrolled
meetup,routine
adapters,basement
voip,lucy
mariah,lanes
dogs,doe
discrete,depend
sv,thumbs
cabin,toilet
equipment,corners
flex,capable
marks,sampling
allocated,consequently
hunter,immediately
funds,liberal
holdem,purchases
regarding,automated
knowledge,switches
difficulty,restrictions
responsibilities,feelings
top,sufficiently
balloon,ka
sexually,moves
servers,cars
barrel,taxation
lender,attention
consulting,virus
delete,brooks
pendant,testimonials
federal,beaver
pointed,properly
ends,democrats
tackle,mother
closest,accept
mainland,jay
funky,poker
bits,preferred
involved,buffer
metric,thank
steam,humor
announcements,assessment
swim,eq
intelligent,sponsorship
raid,condition
stability,combine
potato,castle
kingdom,accommodate
wound,firm
personalized,superintendent
courtesy,bag
concord,jeans
cheaper,webpage
priest,ground
diving,implementation
fan,dig
wish,widescreen
sap,composed
photograph,promotions
fees,nil
radar,egyptian
cartoon,kw
conditioning,google
starter,myself
acquire,casinos
globe,pmid
younger,sporting
scanners,edgar
hunting,rm
shoppers,blowjob
awards,likewise
alpine,marc
concentration,similarly
price,chains
indonesia,abortion
titanium,feeling
tournaments,philadelphia
max,bali
subaru,rg
spectrum,journals
thumbnails,arm
xl,practitioner
oakland,triangle
looks,offset
need,flag
love,shares
comp,pins
sept,red
criteria,fitness
tigers,preparing
clusters,affects
to,experimental
playboy,anyone
skills,repair
penetration,linear
zimbabwe,boston
meal,stopped
re,desk
mentor,bedroom
dick,wow
led,offering
polish,puzzle
spin,objectives
monday,jonathan
dir,inquire
comprehensive,ages
angeles,neighbors
deployment,beijing
findarticles,dj
hosted,installation
visits,attractive
jennifer,main
federation,exams
mechanism,counting
gore,measurement
goods,relationships
joshua,colored
verizon,exec
previews,complimentary
pot,miami
pa,daisy
line,damaged
honest,agriculture
delivery,listen
broken,babies
collections,nelson
agreement,ordinance
morgan,manage
involved,copied
somehow,automobiles
philip,hacker
two,reservations
affiliate,arrive
detection,baking
repairs,foods
les,gps
political,lancaster
saturday,mario
commissions,arrive
ping,bbw
steering,rolling
dining,cologne
action,domain
gmt,sacramento
grows,conduct
campus,musical
leaf,transparent
raise,refer
leaders,const
wn,jesse
sends,sheep
examines,oriental
wine,idaho
stickers,begin
mw,appropriate
occupational,expected
crash,favor
beastiality,info
ceremony,mile
screensavers,pill
excess,houston
wallet,cj
sells,columnists
belong,running
speaking,planet
ln,combo
previous,lines
demonstrate,senegal
paid,merger
character,trip
classics,aye
arrive,rug
copyrights,americas
gained,receptor
benjamin,upload
texts,drum
md,diana
armstrong,ozone
maintains,bikes
ceramic,discovered
confident,dsc
brand,earnings
rome,requested
cats,yourself
scale,polls
irish,founder
related,attorneys
gangbang,beneficial
instructors,paradise
posts,compressed
design,vocational
guess,valve
measures,boat
jail,geology
breaking,computation
chemistry,jp
sponsor,banned
willing,guestbook
comply,snapshot
composed,donald
voted,schemes
designs,rare
searching,funny
beth,uganda
watch,cooked
through,lightweight
gzip,detected
toyota,terrain
whats,precipitation
unnecessary,botswana
diseases,connection
pale,analyst
cove,enterprise
francisco,closes
bugs,focuses
selection,bio
payment,lots
ne,hire
insurance,households
foundations,summaries
library,environments
overhead,variation
either,arrow
hour,transactions
phrase,nd
travesti,george
discounted,generate
caution,russia
integrate,geek
spatial,bowl
meat,such
instrument,thehun
universal,c
populations,sofa
finals,tex
austin,ascii
assists,toward
scheduled,gifts
lifestyle,fight
empirical,bulk
valuable,wt
ev,bufing
dentists,motels
desktops,provider
robert,emails
buys,defines
economics,receiving
powerpoint,contract
afternoon,farms
anonymous,chat
quality,bottom
kirk,saints
latitude,bunch
scary,configured
horizon,adobe
drum,exposed
manitoba,babies
viewers,developed
coffee,relocation
oxide,honduras
soa,memo
victim,recycling
edited,gtk
optimal,ann
foto,dressed
telephony,side
pointing,forecast
clerk,heater
protocol,module
insert,cheque
mistress,viruses
passengers,folders
amp,piano
victor,tough
theoretical,voyuer
dust,canada
ski,postings
weed,olympic
communist,arnold
projectors,tar
jewel,kim
intermediate,fruit
afterwards,park
to,supplier
df,def
leisure,anaheim
marker,antique
im,silly
ads,apr
fuel,fisher
edgar,enhance
continues,average
listed,blogs
mcdonald,excess
distributed,elder
video,cover
omaha,again
thermal,shop
retailers,murphy
existed,nylon
aggressive,gba
infants,decisions
gardens,jay
approval,kits
london,sister
uc,delays
ce,brazilian
formal,llp
beautifully,checked
dynamics,spider
bahamas,outcome
casio,revenge
hypothetical,twiki
fingering,determine
manual,asn
adverse,walks
envelope,transparency
michael,tribe
solo,watt
bean,ratings
respondent,on
milwaukee,officially
disclaimer,increase
showers,robinson
application,cancelled
tradition,phpbb
november,tales
lexington,congo
butter,formula
handling,parking
laugh,pan
wales,emerald
shake,argentina
plain,owen
events,investigated
bingo,considerable
uw,e
units,fill
welding,advised
stamps,nursing
screensaver,intelligent
coupon,reviewing
strength,glass
spring,lauren
you,fixes
wallpapers,opening
dm,bidder
relative,marker
bell,ve
payday,accounts
satellite,yang
websites,horses
takes,reviewed
interfaces,indicators
intended,mc
comment,acc
blind,paypal
fix,peak
fw,rec
oman,joyce
closure,historic
stating,restore
kills,corporate
infrared,dd
pros,deaf
slope,johns
degree,unsigned
enabled,marks
anchor,peers
placement,biz
grams,plenty
surgeon,feed
ic,nu
slope,sculpture
lauren,surge
unavailable,contacts
way,upon
explicitly,lion
reporter,quiet
voip,transsexual
excited,coleman
rocky,featured
carey,earning
mysimon,agreed
deutsch,gulf
author,cookies
dealer,wake
conclusions,approximate
ca,delta
appropriations,remains
comics,roy
livesex,private
acceptable,week
angry,syndication
hearings,contain
cup,suits
tourism,winston
gadgets,bishop
constitute,tablets
dig,less
citizen,eh
intelligent,js
update,tokyo
practitioners,scheme
rica,social
longer,interests
toxic,herb
starting,me
tolerance,me
anywhere,owned
howto,survival
enabling,throws
albania,markets
coordinate,liked
off,boston
help,suicide
district,concentration
henderson,functions
cooperation,thriller
possibly,contribute
simpson,announcements
top,overhead
montreal,significantly
grande,adoption
collective,report
quantity,began
percentage,wooden
walked,bon
transfers,signals
lyrics,malpractice
goal,integrate
behaviour,belarus
choosing,catalogs
rm,michigan
israel,descriptions
previously,mistake
viral,checks
initial,island
windsor,les
pf,contractor
gold,packets
florists,crest
fitness,lawn
jump,electric
recruitment,perception
occurrence,principle
recorded,choose
denied,metadata
identical,caring
offshore,fewer
collectables,preferred
congo,capable
epinions,glance
maple,mug
postings,code
calm,ashley
enlarge,preferences
division,deleted
appreciated,spanking
admin,bedford
player,grace
related,cases
hl,more
receiving,versus
plumbing,jpeg
porter,glance
breed,ultimately
census,quite
resolve,undertaken
mortgage,thrown
distant,slut
tragedy,codes
agents,capacity
honor,fuel
exactly,cycles
burns,adams
amanda,nude
lindsay,do
labeled,southern
westminster,lo
discounts,resist
childrens,received
nos,volkswagen
subjects,comfort
worked,elder
betting,reaching
presence,checks
jonathan,shirts
assurance,northern
alignment,combinations
regards,sat
safe,adjusted
stack,plastics
luther,yoga
indonesia,roy
strips,soa
cingular,castle
geo,statistics
slots,fs
riders,electronics
domains,merchandise
photo,steady
riding,equality
does,counted
cooked,putting
arlington,thriller
continue,ks
defend,educated
ignored,ri
bali,wash
greensboro,sapphire
loss,tolerance
infrared,bouquet
mastercard,gentle
measure,uzbekistan
brunette,declare
dist,positioning
shipment,cholesterol
solved,ceiling
shaft,merry
stamps,manhattan
onto,separation
partly,carol
msie,francis
sh,activity
holland,comp
lightning,framing
twenty,irc
fastest,maybe
sh,golf
leather,dial
phones,casting
vertex,folding
customers,rep
yu,revision
aimed,covering
bath,lance
recognised,supplies
pal,grill
blackberry,gourmet
defend,detective
affordable,felt
chain,resorts
consent,hotmail
guidelines,chorus
folding,johns
universe,wiley
mazda,claimed
mba,necessary
bedrooms,transformation
diagnostic,speaking
bible,purple
intent,ever
adaptive,exclude
fd,success
voice,flow
urge,organize
indonesia,programme
mpeg,ellis
icq,currency
res,filter
mathematical,half
agencies,zoning
nos,seal
eminem,bureau
centres,particle
sie,bloom
wider,bhutan
starter,hostels
incest,incorporate
obvious,opinion
settlement,carl
sending,clear
minimal,nt
soccer,floating
completely,duplicate
lithuania,superb
permit,notebooks
roads,tobacco
practice,rh
direction,amp
smart,handbook
cycling,protective
newer,veterinary
nyc,went
arrival,hidden
nascar,ft
inclusion,ecology
risks,dark
cleaning,dirt
seasons,ec
sheet,ensuring
extent,ip
journalists,casio
cosmetic,stockholm
oscar,cards
mad,cap
worst,referred
horn,infectious
une,riders
viral,somebody
trinidad,sex
jaguar,development
signing,epa
flags,series
ordinary,vulnerability
amount,arts
constitutional,incredible
albuquerque,subdivision
victory,russia
adverse,optimal
azerbaijan,listings
peer,dresses
margaret,full
avoiding,entrepreneur
registry,ist
blogger,invisible
wanted,grave
united,writings
sites,consumer
industrial,pas
journal,papers
digest,suburban
governor,divine
podcast,entrepreneur
nh,bloody
salt,reservation
attach,maybe
circle,drinks
ruling,discusses
okay,veterinary
butts,necklace
township,tiny
wc,massive
trees,towers
cookbook,abilities
payments,netscape
reduces,supports
tomorrow,mainland
gore,yn
myth,postposted
file,listing
taxation,gun
lan,derby
charter,ghz
pie,patrick
opposed,irs
moderate,housewares
tba,benefits
contractors,spiritual
ni,assignment
advisor,navigation
explosion,revelation
ace,stuff
court,panties
theories,pi
settled,stream
translations,married
publishers,caught
reports,cameras
deluxe,decorative
vessel,edmonton
instruments,composer
metropolitan,tolerance
dairy,strategic
alabama,italy
limiting,majority
cycling,poll
add,depression
harmful,receipt
mas,php
simpson,treasures
register,appraisal
ken,charts
might,guru
sprint,obvious
sys,dark
afternoon,seem
fwd,lace
humanitarian,vatican
fin,extra
ebay,nirvana
lack,administration
kernel,analysts
receiving,matching
battery,nasa
pty,penalty
rat,brakes
invited,lenses
mini,us
formatting,fl
british,judgment
contractors,forest
cancel,diversity
discrimination,explorer
morocco,filtering
dispatched,basically
passenger,doctor
described,protein
assuming,exports
du,salad
passenger,highland
healing,probably
cambridge,pb
summaries,trouble
pushed,blades
iowa,cal
perfect,craft
educational,compiled
proposal,conversion
skills,skirts
virtually,bird
negotiation,inbox
introduction,upper
committed,mounted
clinic,oscar
parents,phi
vulnerability,jewish
ashley,task
glance,distinction
alternatives,routers
greek,saskatchewan
expressed,products
polished,fox
short,pierce
presents,households
undefined,singh
fee,shoppercom
continuous,tips
euros,improve
dogs,citizenship
meetings,ease
foundations,newsletter
marvel,aspnet
based,richardson
most,sections
professional,could
interact,thirty
banners,ul
alternate,placing
half,weeks
pitch,emacs
enough,iceland
maps,founded
pt,ieee
blake,sharon
headers,romania
dollar,franchise
newbie,oo
sunshine,notebook
nirvana,collectibles
namibia,inspections
washington,hill
temperature,sierra
disorder,attitude
watts,patch
blow,wn
bold,wav
suffer,ic
suck,parallel
adjusted,subscriber
sms,brands
ports,api
judge,nursery
advertisers,insert
reached,dealers
delivers,under
kelly,rainbow
sw,scanned
gospel,duties
superior,excess
eliminate,manually
metal,dr
courier,schemes
reload,assignment
slide,reseller
pixels,halifax
pas,prophet
his,ali
shopzilla,conflicts
trademark,rochester
formula,pack
tribes,books
conf,brilliant
chief,media
mins,chassis
amd,each
filme,lamb
our,southwest
archive,ips
erp,workforce
dial,midlands
let,price
lowest,definitely
jazz,specification
angel,artists
abroad,desired
karen,task
numbers,geological
static,risk
ww,backed
knit,database
giving,noted
target,indian
porter,seen
proxy,rather
allowing,reproduced
policies,cherry
instance,gzip
prominent,element
ser,brazilian
inclusive,stress
ii,wow
communication,thick
samba,witch
attachment,ecommerce
enhance,pale
serum,submitted
ist,versus
macintosh,swing
overseas,wheels
london,fbi
nest,cartridge
functional,wet
stranger,death
authors,bikini
taking,clean
matched,tribes
nascar,desirable
pamela,retro
lottery,probe
merry,map
ice,experts
comparing,sides
roles,cruz
agriculture,realm
counter,babies
acre,schools
claimed,meditation
literary,catalog
healthcare,lanes
licence,peru
legislation,worst
floppy,direct
architecture,disney
erp,correction
scotland,contract
gather,andrews
hear,philosophy
cosmetic,beginner
site,arbitration
firm,party
butter,photographic
strongly,bolt
sue,binding
velvet,applications
pull,pubmed
shoe,amanda
wanna,jvc
insects,controller
charles,enters
jefferson,title
contributor,myth
dildos,plot
aims,exception
hayes,muscle
visible,shoppercom
nuts,institution
boom,versions
loop,settings
apparent,downloads
smilies,convergence
end,killing
president,trained
fake,cables
located,follows
protected,finland
tp,nail
belgium,upper
talking,retain
homework,law
vertical,review
operating,bumper
personnel,holes
recreation,hop
mirror,telephony
gabriel,barely
singles,install
aruba,timing
design,knives
yang,resolved
ba,previews
tx,signal
ericsson,nipple
performing,butler
extreme,hobbies
breast,discussing
shoes,stuffed
gg,respectively
steel,infant
ideas,syntax
vbulletin,container
gun,ought
alternate,grocery
confusion,tale
ports,hist
laden,fly
mysterious,rail
interest,fabulous
sublimedirectory,vocal
velocity,cm
balloon,lottery
adipex,grass
athletics,begin
aims,block
purposes,song
reflection,broadcast
poultry,furnished
camping,possession
cod,clients
matching,greensboro
zoning,viewers
top,individuals
radius,allan
angels,nigeria
exists,immigration
machines,cadillac
planners,mathematical
customize,recovery
charge,undergraduate
islamic,apps
gb,together
during,interim
chevrolet,timely
called,gay
searched,ac
threats,detail
discovery,exceptional
nodes,sail
recommendations,engage
darwin,expenditures
rentals,launches
bbs,roller
observation,aaa
affiliation,greatest
inch,nomination
bored,duration
concept,inflation
jim,album
sep,ethiopia
alice,firefox
technologies,app
wn,fur
hughes,designation
exposed,fioricet
ac,wrapped
enjoyed,bible
mounts,greene
african,about
screw,phenomenon
van,smaller
seats,cooler
ccd,toll
mpeg,dialog
saints,cos
left,latter
avi,water
newsletters,steal
sage,operational
motor,trinidad
pmid,wc
detailed,radio
appeals,recover
approach,montgomery
segments,lyric
screensaver,catch
black,fun
week,will
longer,confident
french,actions
advancement,presenting
cloth,astrology
pregnant,researcher
magnetic,attitudes
bouquet,ladies
arrived,papers
taxation,pounds
gays,batch
hunter,ware
hist,peoples
description,nylon
peru,talked
diploma,hometown
legs,biggest
mating,labeled
graduation,boots
democrats,ds
reynolds,combine
bloody,dpi
incurred,clearly
manner,mesa
ment,significance
seen,therapeutic
saver,hentai
westminster,aspnet
cheese,exemption
setup,sociology
marriage,digital
disclaimer,authors
utilities,bangkok
helmet,represents
latina,species
listening,disappointed
side,verde
provinces,citation
aluminum,suddenly
develops,intervals
icq,italia
recent,highlight
watches,loads
sing,shadows
cheese,clone
fragrance,helped
assessing,hour
injured,collector
oregon,barbados
racks,itself
statements,tried
og,bowling
sky,fiscal
systems,gd
f,worldsex
eastern,britain
workplace,ipod
gray,pos
jeffrey,thereafter
parallel,wc
wood,maritime
knit,ear
minimum,statutory
j,races
nec,motel
comparisons,laser
bernard,prevent
natural,opportunities
sign,questionnaire
smith,publicly
allocated,sing
shops,phase
potential,dept
nj,lasting
lucy,target
stability,rpg
fares,attached
filling,entering
recording,barriers
argentina,salem
buyer,newark
lenses,ceiling
nicholas,rid
we,collaboration
stocks,powerseller
midlands,idea
massive,precipitation
short,worry
utilities,forbes
fixes,bible
tool,buddy
teaches,thumbzilla
dynamic,gender
start,radios
metabolism,squirting
happens,hall
relationships,activated
jam,memphis
advantage,consider
rocket,elephant
eq,medline
sacramento,pm
loving,connectivity
fuel,evanescence
uploaded,america
build,larger
personally,turn
worship,systematic
lazy,legs
dc,flesh
secure,merry
claire,enhancement
member,dock
mba,trading
dts,cg
jill,specialized
approach,resident
election,selected
could,fifth
might,wolf
myth,olive
each,investigator
dedicated,rocks
employer,post
sexual,became
florida,informed
arabia,sacred
lips,thermal
cam,pee
honest,casting
subsidiary,interface
various,exhibition
simulations,pressed
holidays,counter
perry,colours
influence,flowers
province,lesson
ip,cricket
stakeholders,silly
dpi,sink
capitol,contamination
pair,ugly
jump,healing
severe,kent
pale,pd
end,essential
olympus,classes
initiative,pissing
proposed,besides
examines,pokemon
notification,pin
replacement,bass
suitable,poll
creativity,halloween
depot,cookies
myself,sector
component,testimonials
shed,revision
absent,press
homes,coral
fly,kirk
executive,virus
marks,lesson
nfl,ivory
share,events
sao,fold
ridge,ui
military,serves
fort,returning
stuart,vocals
safari,evening
keywords,plaintiff
silly,conclude
tubes,calendars
lightweight,edwards
auction,six
leslie,precise
degree,affiliation
hopefully,turkish
boob,recreational
advantages,toyota
mart,separately
examine,wed
kirk,bloggers
byte,handed
speakers,speech
lack,modification
gaming,lord
transferred,costa
sperm,modified
general,installing
last,athletes
swedish,save
document,microphone
indicators,accurately
gets,ottawa
dp,keen
one,peoples
individuals,mo
humanities,motorcycle
admin,reviewing
signed,vocational
portsmouth,protect
orange,recognition
wp,smart
rights,march
disagree,allen
valley,conversion
sandra,corporations
cj,involve
leg,advantage
poll,ict
priorities,dependence
offices,slut
ye,signature
farmer,tracks
valid,deutsche
